{
  "source_csv": "data/ioi_120bpm_run_01.csv",
  "input_noise_summary": {
    "sample_count": 120,
    "mean_ioi_ms": 499.70832291666665,
    "median_ioi_ms": 496.27306250000004,
    "std_ioi_ms": 29.490487838504034,
    "mad_ioi_ms": 15.88674999999995,
    "cv_ioi": 0.05901540255798778,
    "mean_abs_successive_diff_ms": 28.86218438655462,
    "p05_ioi_ms": 463.43943509999997,
    "p95_ioi_ms": 536.41598335,
    "min_ioi_ms": 424.005542,
    "max_ioi_ms": 647.951708
  },
  "empirical_jitter_summary": {
    "mean_residual_ms": 0.6365564374999996,
    "std_residual_ms": 29.52779049667702,
    "mad_residual_ms": 14.170062999999999,
    "p05_residual_ms": -36.09797290000002,
    "p95_residual_ms": 42.25021314999997
  },
  "analysis_parameters": {
    "representative_bpm": 120.90118230021803,
    "monte_carlo_runs": 500,
    "seed": 7,
    "threshold_ratios": [
      0.33,
      0.75,
      1.5
    ],
    "boundary_offsets_ms": [
      -40,
      -35,
      -30,
      -25,
      -20,
      -15,
      -10,
      -5,
      0,
      5,
      10,
      15,
      20,
      25,
      30,
      35,
      40
    ]
  },
  "boundary_flip_rates": {
    "ratio_0.33": {
      "-40": 0.06666666666666667,
      "-35": 0.075,
      "-30": 0.10833333333333334,
      "-25": 0.125,
      "-20": 0.18333333333333332,
      "-15": 0.225,
      "-10": 0.25,
      "-5": 0.35833333333333334,
      "0": 0.4083333333333333,
      "5": 0.3416666666666667,
      "10": 0.3,
      "15": 0.24166666666666667,
      "20": 0.15,
      "25": 0.11666666666666667,
      "30": 0.11666666666666667,
      "35": 0.058333333333333334,
      "40": 0.05
    },
    "ratio_0.75": {
      "-40": 0.0,
      "-35": 0.0,
      "-30": 0.0,
      "-25": 0.0,
      "-20": 0.0,
      "-15": 0.008333333333333333,
      "-10": 0.008333333333333333,
      "-5": 0.008333333333333333,
      "0": 0.016666666666666666,
      "5": 0.016666666666666666,
      "10": 0.016666666666666666,
      "15": 0.016666666666666666,
      "20": 0.016666666666666666,
      "25": 0.016666666666666666,
      "30": 0.016666666666666666,
      "35": 0.016666666666666666,
      "40": 0.016666666666666666
    },
    "ratio_1.50": {
      "-40": 0.06666666666666667,
      "-35": 0.075,
      "-30": 0.1,
      "-25": 0.10833333333333334,
      "-20": 0.18333333333333332,
      "-15": 0.225,
      "-10": 0.24166666666666667,
      "-5": 0.35833333333333334,
      "0": 0.425,
      "5": 0.3416666666666667,
      "10": 0.3,
      "15": 0.25,
      "20": 0.15,
      "25": 0.11666666666666667,
      "30": 0.11666666666666667,
      "35": 0.06666666666666667,
      "40": 0.05
    }
  },
  "boundary_summary": {
    "boundary_mean_flip_rate": 0.25277777777777777,
    "interior_mean_flip_rate": 0.06180555555555556,
    "boundary_instability_ratio": 4.0898876404494375
  },
  "sequence_divergence": {
    "baseline_note_count": 120,
    "mean_note_divergence_rate_per_run": 0.6035166666666667,
    "median_note_divergence_rate_per_run": 0.6083333333333333,
    "p95_note_divergence_rate_per_run": 0.8083333333333333,
    "max_note_divergence_rate_per_run": 0.9416666666666667
  }
}